"Fitted values"	"Residuals"
1458686.97268409	-14546.9726840854
1461673.70596164	116296.294038355
1599670.1926398	-60430.1926397982
1602463.02239219	-21353.0223921865
1566049.07902445	84270.9209755545
1549351.71796156	147168.282038444
1477445.28842913	-27315.288429135
1466900.00071609	-67550.0007160865
1501694.81516883	45085.1848311694
1469007.61904142	27552.380958581
1515641.00465819	26728.9953418099
1522766.04395537	54723.9560446344
1523548.06956707	120361.930432928
1558827.90112537	95322.0988746257
1536297.42508242	204812.574917577
1527255.02099149	270354.979008515
1249919.41303302	101640.586966976
1265683.29808715	42186.7019128548
1444674.47025499	85115.5297450129
1446115.46171048	2004.53828951967
1464942.90019429	-36732.9001942853
1451796.59713311	4713.40286689003
1569924.21680347	-45024.21680347
1572659.42138439	96100.5786156107
1408457.54969108	163902.450308918
1414457.53891185	342322.461088154
1531014.49032193	-36304.4903219292
1535001.07732734	60348.922672656
1481131.66141082	179898.33858918
1484705.99851884	102824.001481162
1448542.50500238	68007.4949976152
1456742.22468297	72837.7753170349
1579156.50086052	103523.499139478
1577682.2690029	57317.7309970977
1311652.46765712	-321888.467657122
1307490.89657891	-303600.896578907
1380494.03240484	215385.967595161
1390085.43337623	261254.566623775
1600736.19554048	-23286.1955404837
1596938.80093973	37101.1990602715
1505050.47039758	-187790.470397578
1504176.03436359	-19406.0343635894
1412124.04687056	81435.9531294436
1417484.29937403	86395.7006259732
1434693.47605114	-41923.4760511397
1445476.87486428	7123.12513572108
1385377.86707997	-31377.8670799679
1393257.54613183	-11197.5461318254
1347654.35551485	-82804.3555148479
1345110.57100667	-28310.5710066709
1476022.06325901	-200652.063259013
1481802.2172161	127237.782783905
1424820.3310543	-97520.3310542958
1425135.67471762	-85925.6747176177
1581739.34067767	231090.659322331
1583173.75929436	230566.240705643
1482046.62722363	119753.372776365
1493815.59465875	128464.405341251
1447590.83125616	179029.168743839
1454425.9563882	163324.043611798
1631208.50300064	-11398.5030006434
1611791.23168113	67218.7683188702
1397575.46126521	97664.538734789
1382289.43935595	88180.5606440502
1465038.54157869	-332338.541578695
1442894.7275915	-109674.727591501
1311223.7140796	150566.285920405
1274848.58174798	218871.418252018
1388327.60968707	106372.390312933
1383863.10969748	145376.890302517
1494912.6204432	-59862.6204431987
1481399.1078236	21750.8921764021
1438613.14808682	-60813.1480868164
1440007.61946167	-54797.6194616739
1472177.24813497	-22897.2481349734
1485784.92008018	65985.079919819
1524055.54494961	-131515.544949608
1518118.83482556	-130098.834825558
1566004.27432516	-41154.2743251585
1576736.4633063	26433.5366937037
1472843.18115724	121496.818842759
1471760.39040011	125839.609599887
1441335.29734143	118904.702658571
1455463.21602533	184696.783974668
1463373.02394241	-166743.023942405
1442778.70688305	31741.2931169525
1481815.81899679	39544.1810032129
1462556.8700502	117593.129949796
1353580.47392727	96809.5260727333
1362796.68649042	77863.3135095755
1438682.4508572	91467.5491427963
1428738.49695667	-71208.4969566665
1471382.61806429	31697.3819357135
1466138.58170241	80781.418297592
1488009.71296618	120200.287033818
1489430.9328107	213679.067189298
1395317.55565742	-23407.5556574217
1389511.30739451	30138.6926054938
1600403.50793224	33416.4920677597
1591740.29222381	44269.7077761881
1576435.66069511	-78435.6606951058
1582882.14986952	-13382.1498695204
1573424.25351228	-112484.253512277
1563140.39210438	31229.6078956203
1396653.04169028	236776.958309719
1393768.27988203	112171.720117967
1620233.27655573	-54153.2765557342
1626908.21138724	-65438.2113872426
1428609.09590764	-21919.0959076446
1418553.68443817	91856.3155618284
1631081.36869361	-69551.3686936117
1621386.17370502	114223.826294977
1587740.86129303	-18630.8612930274
1588691.61977238	89448.3802276187
1596305.26345889	-194205.263458886
1602864.94309761	-123404.943097606
1475741.76386363	-68401.7638636256
1478187.74906257	-105387.749062571
1446926.43166531	9753.56833469438
1447138.39948637	-15698.3994863698
1489741.70281489	9438.29718511207
1487800.70932018	65659.2906798152
1556875.25776381	-95105.2577638084
1564066.48438497	-127196.484384969
1516315.89395494	-217085.893954942
1507050.24586552	-141210.245865518
1369283.84932155	-64773.8493215493
1374984.55209354	68055.4479064644
1390722.89859301	259297.101406989
1385641.20769589	215698.792304106
1454591.73155379	71588.2684462088
1472927.7431869	75752.2568130979
1522180.3690397	-6250.36903970118
1528881.85948793	87958.1405120738
1437350.09056706	151439.909432944
1460206.20653516	101303.793464843
1501575.90267554	99794.097324465
1507528.79856848	73701.2014315236
1499382.85733151	-25022.8573315125
1480590.19738682	99809.802613184
1405375.54393207	133474.45606793
1442371.73999344	55738.2600065606
1572248.32526457	87851.6747354309
1576344.14804359	71955.8519564068
1502157.68013444	-14737.6801344449
1484505.98883422	67614.0111657841
1294334.402132	48425.5978679968
1292228.96883629	75571.0311637115
1580178.06373692	124341.936263077
1585884.90244611	129095.097553888
1571184.61833594	-287714.618335936
1588877.56832505	-271207.568325054
1556644.66472732	-40784.6647273204
1548637.3338848	83772.6661152002
1428588.32136159	132891.678638407
1423668.07486661	144211.925133389
1535772.46008828	-300102.46008828
1533371.54278967	-159831.542789671
1486115.94690726	5734.05309273962
1488207.1044647	23302.8955352967
1579098.73083026	57741.2691697441
1576703.89686205	149636.103137954
1453484.61845154	-166894.618451542
1442713.18993041	-157723.189930414
1530688.77377645	32611.226223547
1551216.0807426	13443.9192573979
1460977.55192656	-145617.551926555
1453520.29634632	-98960.2963463223
1578406.96751505	7483.03248494651
1575078.87018104	71521.1298189603
1306464.48410019	-77804.4841001869
1336775.35378386	2624.64621614111
1481299.43242869	-135549.432428694
1481329.13802768	-128449.138027676
1526873.58382001	253246.416179995
1529066.22106521	188183.778934794
1424135.17917237	-62475.1791723682
1422866.55487423	-65786.5548742267
1357540.727328	25579.2726719969
1353379.60701423	113210.392985771
1297773.52119064	40856.4788093628
1304184.40514177	69115.5948582289
1401736.87754632	-167526.877546318
1436102.39798129	45177.6020187128
1525301.28984378	-117021.289843778
1552553.14994089	-142793.14994089
1285231.95781911	-29541.9578191141
1324077.96975097	-49387.9697509697
1366601.84573609	208288.154263909
1371754.37962385	255075.620376154
1458732.20002278	131047.799977221
1464999.43608717	146890.563912834
1436660.67564789	-116200.675647893
1442674.20899044	-168534.208990441
1369584.31474018	-76254.3147401793
1370614.61197003	-34144.6119700329
1338321.17719518	57878.8228048187
1304467.26124968	152162.738750322
1538243.96402351	2406.03597649022
1544350.15221578	-99310.1522157827
1241015.02653123	142304.973468774
1245112.92593297	191787.074067035
1486463.84331314	28156.156686862
1467429.92952582	58340.0704741785
1597143.64387177	157086.356128226
1602331.08016786	273978.919832142
1344247.06405913	43852.935940871
1338644.66990446	107485.330095538
1596646.21520694	-24986.2152069384
1608264.61320922	-63934.6132092226
1537422.25070794	61277.7492920563
1533891.02915248	3528.97084751848
1470102.23032644	-75302.2303264393
1470408.83329982	-65178.8332998226
1496417.69646659	-95587.6964665874
1497012.26901804	113707.730981961
1584713.72563282	179936.274367177
1598153.88740504	153356.112594955
1492175.23527636	-168665.235276363
1498217.35502556	-150317.35502556
1387824.95238547	374695.04761453
1400633.36723186	43686.6327681404
1278697.95749231	-110757.957492313
1271507.59700994	-116897.597009943
1421295.91614185	-70475.9161418541
1422517.11595534	-47637.1159553409
1567006.62418488	78183.3758151158
1555947.7954627	129812.204537301
1400560.59848858	-117700.59848858
1407690.30925632	-137480.309256323
1444276.50504984	-1196.50504984457
1453143.33286539	-47223.3328653883
1570946.70226872	126833.297731281
1575774.26144153	79645.7385584664
1361096.02723048	-142656.027230479
1348879.59688343	-7599.59688342713
1393274.27798976	-34844.2779897564
1370129.10196478	34250.8980352169
1538519.51733906	85200.4826609434
1552431.85733921	121858.142660795
1345383.20450522	-95623.2045052189
1444201.77963279	-240001.779632786
1478367.07373813	43782.9262618666
1477689.78062058	63160.2193794216
1611153.85066647	12286.1493335284
1617458.90156979	28131.0984302135
1623685.74709119	-36255.7470911915
1599958.1558575	-71898.1558574966
1543857.92951258	10182.0704874152
1558807.05431528	-32997.0543152771
1448057.52507918	-73617.5250791797
1439121.00320175	35078.996798251
1309993.99609416	-23023.9960941634
1310889.45008668	-14309.450086682
1535310.11208138	-87150.112081384
1539312.53605639	-96672.5360563889
1450703.91230176	36076.087698243
1439229.57983953	52970.4201604686
1564908.19543379	276121.804566211
1568854.92362517	289585.07637483
1532202.56700102	-347172.567001018
1541859.49321251	-264259.493212506
1455004.91293359	39535.0870664108
1454262.77802664	-86482.77802664
1562691.55341705	185348.44658295
1568083.92748903	140756.072510967
1346347.1030114	-86427.1030113978
1356414.1357953	-32464.1357953012
1381917.1999366	7752.80006340173
1379725.13412722	126994.865872776
1607481.71064172	277348.289358276
1608308.02672979	226531.973270215
1391682.57917158	28707.4208284189
1406822.22303338	72167.7769666216
1605384.5720848	220475.427915196
1611470.83133782	189369.16866218
1599014.28090989	-104294.280909893
1602494.26039034	-93944.2603903413
1535937.55666854	79372.4433314621
1533493.97255903	69066.0274409738
1535607.15999114	-30967.1599911387
1546619.85810326	-30209.8581032628
1546695.19232297	69224.8076770274
1543049.17288864	112350.827111357
1475272.30154079	-8142.30154079481
1469126.66882312	-22396.6688231221
1358688.57846628	-82338.5784662828
1381006.76999023	-46856.7699902267
1400247.70952509	-125647.709525085
1404972.39427131	-110232.394271312
1459884.63929157	-16374.639291575
1473101.68076608	-21081.6807660775
1550229.22957624	26670.7704237636
1547468.49709219	-8948.49709218832
1378794.47834225	7335.52165774766
1355068.37478024	14261.6252197595
1490719.51057439	-69259.5105743908
1493961.05509791	-56531.0550979063
1554803.01949732	51316.9805026832
1558874.38634606	79085.6136539365
1576026.13819198	-153566.138191984
1584118.03505079	-47388.0350507938
1559140.50201312	-4810.50201311958
1575410.88074779	-13830.8807477945
1427877.18074321	-113787.180743208
1422782.05633984	-72592.0563398447
1442805.03750348	141894.962496518
1446609.35636293	48980.6436370672
1565424.85099962	152315.149000378
1593758.50649722	235801.493502778
1478169.28070118	-54419.2807011752
1477849.21917624	43640.7808237608
1589104.28081999	-225304.280819994
1590850.79768491	-232310.797684913
1620071.42351395	20428.5764860483
1624580.29986456	144729.700135438
1413926.69311331	268433.306886692
1409019.58916837	203520.410831626
1598507.52818786	120372.471812137
1594929.07478239	80820.9252176095
1394786.0022113	77913.9977886967
1397247.89512681	22132.1048731927
1546411.04944833	48088.9505516729
1571186.27400327	58003.725996732
1448009.70435717	-94669.7043571683
1416298.45829672	60001.5417032833
1351458.58393937	32811.416060634
1356393.76395154	-183913.763951539
1551838.05356684	180341.946433161
1561483.70774135	79796.2922586461
1542890.25493442	112789.745065581
1561135.8782605	-81585.8782605009
1520854.94662042	-236974.946620423
1533849.70005801	-679790.700058012
1577980.90149216	-57440.9014921606
1570277.71238494	103942.287615063
1567652.67501583	-68122.6750158261
1586774.44007475	-80364.4400747505
1590451.98527639	-161821.985276394
1597057.10647662	-146067.106476616
1378667.57122891	161412.428771088
1375253.40999627	84986.5900037265
1553416.53884785	-120046.538847846
1551782.55673465	-169312.556734645
1590653.11881355	-35593.1188135501
1592553.73980161	-1163.73980161056
1431905.14319801	50284.8568019935
1441619.88860394	21870.1113960649
1528367.53392051	200972.46607949
1546798.96885526	167231.031144744
1546963.91487476	-147033.914874764
1561250.88748836	-148470.887488361
1579268.61010564	-102478.610105639
1588901.66211546	-53191.6621154562
1486777.8270693	-131437.827069303
1490993.66421349	-54333.6642134886
1397887.19844058	-114957.19844058
1396781.14342319	-38471.1434231935
1502929.69476104	25950.3052389583
1524769.84180276	-20249.8418027583
1425344.1200111	-25584.1200111039
1401493.0010297	22856.998970295
1544599.25054981	-188309.250549807
1548918.07769475	-114578.077694746
1567914.36764482	-41874.367644818
1579308.11293514	-45138.1129351359
1399712.18028361	-68212.1802836118
1404496.49541996	178853.504580038
1520607.89006478	13692.1099352164
1514210.12642221	9929.8735777879
1572198.93357032	-40328.9335703199
1575586.06744916	25443.9325508365
1394987.35763887	101932.642361129
1379115.1696415	100544.830358496
1373231.31788288	-287021.317882878
1379068.83980106	-57448.8398010571
1476054.08695518	153365.913044824
1475002.74415111	223457.255848889
1579121.89035487	-97371.8903548677
1576915.51980344	-27105.5198034389
1460860.0913031	-79290.0913030995
1427063.79137282	21576.2086271823
1546488.87534089	70411.124659115
1534045.46562549	115894.534374511
1439645.34647485	9224.65352515137
1447115.18842422	108814.811575782
1489984.57606067	-170924.576060672
1488982.50379416	-188272.503794164
1502334.73025508	83955.2697449188
1507230.70488709	51759.2951129098
1426647.55002432	-164117.550024321
1427970.62172885	-204570.621728848
1614004.2253915	206115.774608504
1625461.29735563	266348.702644368
1417042.63486499	205527.365135008
1384064.94396663	323975.056033374
1469932.45206413	-64902.4520641278
1467488.26025927	-73638.2602592677
1566783.34941582	183506.650584183
1579902.93581799	147617.064182008
1525066.0456707	278593.954329297
1519750.50333123	207259.496668774
1569249.40741648	92150.5925835159
1581519.6270104	141250.372989599
1568487.07528359	165722.924716413
1569273.53500818	173466.464991818
1541931.35743207	22668.6425679337
1546986.19021459	13453.8097854096
1523123.70458443	122886.295415568
1521887.02636682	217222.973633177
1450524.55986133	69555.4401386719
1452538.39522691	31891.6047730857
1395335.39706742	-89005.3970674238
1383600.14010614	-123100.140106135
1588593.56854596	157116.431454039
1585162.40325534	173117.596744661
1496792.61659166	134317.383408343
1507926.39308804	205653.606911963
1463169.24092205	110880.759077946
1464524.35056074	69265.649439259
1428683.39649406	145036.603505936
1431273.51284705	94566.4871529451
1427748.91045634	-93358.9104563428
1418631.23507057	-20411.235070568
1510302.18524803	297847.814751973
1480040.11306408	405209.886935922
1472071.56130794	78418.4386920608
1468232.72709027	109877.272909733
1579313.80029413	-30073.8002941312
1585218.36459255	42301.6354074458
1497788.6175083	-117868.617508295
1494876.51484957	-73076.5148495681
1490928.37180735	100511.628192651
1484770.50973807	182239.490261931
1435602.18508678	41167.8149132234
1444430.42547165	-330.425471654185
1359897.36601861	-16007.3660186115
1363702.94979612	53047.0502038784
1322635.10579979	-23005.1057997897
1324519.30124185	-74939.3012418532
1558967.16393845	-143137.16393845
1573448.61918274	-71538.6191827413
1601377.84519396	147622.154806042
1613427.12063917	211022.879360825
1446657.33400192	35482.6659980804
1451600.57521017	-26020.5752101715
1468357.76779152	212882.23220848
1474928.40856644	221681.591433559
1496175.67544167	77934.3245583292
1483342.5744222	140297.425577801
1653404.80305078	38485.1969492246
1647408.04836065	-14918.0483606474
1566031.14871047	-14281.148710469
1570059.78137134	149780.218628663
1497736.30836796	16293.6916320448
1462549.0033247	72160.9966752991
1456641.98172986	272008.018270136
1449947.83419797	289642.165802034
1355324.01159816	265245.988401836
1355071.10638264	270868.893617357
1430554.19139048	71775.8086095231
1439469.60147619	61790.3985238078
1546501.80155806	167698.198441945
1458323.76325556	251446.236744444
1524023.90012152	14226.0998784827
1523659.14537303	-13769.1453730312
1352954.08704536	70635.912954645
1370637.46832779	71872.531672214
1394809.50372491	-481393.503724911
1399573.41730823	-238923.417308235
1528333.45813932	75966.541860685
1558807.96775866	150172.032241342
1560823.26756042	40696.7324395812
1556248.85888804	-103358.858888044
1444930.41685354	-36370.4168535385
1452840.22888767	-21790.228887671
1320925.51161143	263994.48838857
1321384.96600406	190835.03399594
1592298.13579616	239851.864203839
1586045.54323142	263074.456768581
1475491.09891568	-57961.0989156765
1468606.36919277	58173.6308072297
1440673.12599904	-227953.125999044
1443197.50277445	-212007.502774454
1456021.18115343	-100441.181153428
1449310.52717592	-96760.5271759215
1564837.22846349	84712.7715365132
1576757.11060199	86342.8893980082
1407754.99428146	-11244.9942814631
1391226.58972836	-18426.5897283625
1480536.20691826	-125926.20691826
1471527.4719178	-124987.471917799
1447788.44767675	270131.552323248
1442604.72497722	299865.275022781
1412105.914225	149924.085774998
1404371.17167738	250868.828322616
1554934.17180076	269185.828199241
1552752.96830805	239027.031691952
1586570.24731211	-177850.247312113
1587929.05021933	-177039.050219334
1458259.29173555	40870.70826445
1351312.18265323	134157.817346772
1302406.10797452	-225396.107974522
1314354.16302743	-223194.16302743
1442154.1021198	-217314.102119799
1426526.77878713	-111656.778787132
1469433.17556057	111196.824439427
1466251.00792779	-18441.0079277912
1394007.5810388	65122.4189612003
1397979.64999409	73060.3500059063
1561575.21512315	-195235.215123145
1570402.75183597	-204002.75183597
1537470.67781166	-5140.67781166142
1528917.36268254	242.637317463569
1444150.5538722	-151200.553872195
1448485.44340148	-119005.443401482
1441683.81933179	-101993.819331787
1459461.21497995	-80361.2149799542
1279382.90911957	-15962.9091195737
1295976.54480999	-43006.5448099907
1580556.03575449	-14146.0357544903
1583550.70098141	-138630.700981415
1492595.03000234	-150305.030002336
1502051.81654311	-136601.816543113
1553378.71494778	-60308.7149477834
1554099.47384263	1560.52615736939
1465081.08955203	-80631.0895520257
1470382.65087839	-80342.6508783861
1581478.18799722	-55848.1879972215
1578010.24317833	-78440.2431783281
1443557.52759281	178562.472407189
1467169.499614	134400.500386003
1519331.32605769	24308.6739423063
1539770.40898692	6279.59101307609
1468002.87327813	-54022.8732781307
1479837.84343345	-44057.8434334499
1584144.79123529	77995.2087647131
1563072.19431783	51457.8056821672
1447160.58908949	-135950.589089486
1416264.97770466	-117154.977704662
1298778.94599988	186781.054000116
1404716.65206869	40923.3479313096
1473403.77447553	298926.225524472
1478133.72275247	159736.277247533
1350082.6147811	19207.3852188988
1355887.99861702	-43887.9986170191
1288561.23861576	-484640.238615757
1292424.24587637	-102364.24587637
1477391.20725687	-203701.20725687
1471305.92185248	-163635.921852475
1340758.67183383	-31558.6718338272
1323856.12734249	54783.8726575111
1601033.45687852	-151873.456878515
1607645.48264711	-158115.48264711
1582900.0923692	-90160.0923692031
1583774.86594923	169405.134050773
1514485.05879277	-216255.05879277
1519647.53437737	-200597.534377369
1433824.41895295	-97544.4189529474
1451043.95313305	-2663.95313304719
1528649.14083433	230520.85916567
1541126.27776529	196933.722234712
1470408.26939927	246111.730600726
1479372.19261636	226237.807383645
1599153.54624551	-236413.546245514
1606427.46380187	-398727.46380187
1385783.82919812	30566.1708018781
1410283.49157776	413666.508422242
1514737.57353096	-2577.57353096157
1537218.73194766	-3788.73194766129
1293797.89998255	56332.1000174545
1289737.73149774	33482.26850226
1371773.40736221	193116.592637793
1382013.82329116	187326.176708842
1392091.1707662	38978.8292338047
1393913.61514376	52846.3848562422
1317493.16626802	236356.833731979
1328485.57527548	264714.424724521
1356887.423456	37082.5765440047
1339845.14514663	65794.8548533706
1614836.89396951	36853.1060304913
1618461.86060243	125178.139397569
1618554.02779497	-21494.0277949669
1596831.33975681	194998.660243186
1520990.74481738	52039.2551826155
1508170.25568205	93299.74431795
1435092.69153501	164997.308464991
1447811.30655711	132228.693442894
1435299.89424225	41050.1057577486
1431065.61569518	-49005.615695182
1576391.06105429	187468.938945708
1583197.43752697	190722.562473032
1612873.81520564	-57193.8152056383
1606380.05622014	-61050.0562201365
1446258.70813534	14281.2918646599
1455645.60914352	70334.3908564848
1439943.19211719	20016.8078828096
1447940.96130266	-10000.9613026554
1575802.39803923	-87942.3980392282
1584251.02262546	-82721.0226254573
1482637.63098326	-79667.6309832581
1483118.28586319	55001.7141368148
1441012.41824992	-6632.41824991734
1440684.69292293	79665.3070770685
1305680.63434773	-135120.634347728
1307684.46891266	-83444.4689126628
1533548.11899391	-86628.1189939117
1541387.32486941	-85797.324869406
1555795.60505081	61644.3949491892
1568189.93235251	-236099.932352508
1402647.09495455	-51027.0949545518
1410954.88935957	-158744.889359567
1435106.95692857	-53776.9569285715
1417107.9835858	-128327.983585802
1331658.8176389	-33518.817638896
1335892.68977442	-55312.6897744161
1469946.90810167	169333.091898327
1466447.14515429	191972.854845706
1514308.96138487	-206508.961384866
1519628.95353459	-201858.953534585
1537188.05025507	174651.94974493
1545314.31483776	181465.685162244
1411861.43834471	-3751.4383447094
1385258.92274377	105531.07725623
1566325.55324642	-91435.5532464187
1572316.56242408	-13696.562424081
1448933.02323061	-833.023230607734
1452760.54224487	-1130.54224486544
1462434.12358907	111415.876410932
1462174.7259796	231725.2740204
1464839.90098289	67700.099017105
1460281.794564	51818.2054359988
1572270.45434235	95019.5456576517
1573489.47575241	64330.5242475897
1367797.38512981	19572.6148701858
1374430.0091017	30259.990898299
1569703.89271509	87026.1072849074
1586202.60332962	123047.396670383
1601754.43306453	143095.566935468
1603743.44631405	130996.553685946
1407268.67503431	-94348.6750343059
1437067.87538103	-29357.8753810348
1585484.98491231	185535.01508769
1594158.06990123	193651.930098773
1512129.85762271	193300.142377288
1509686.79463934	-10846.7946393436
1426588.28816986	-87968.2881698649
1441582.14650148	-71462.146501484
1407197.09041954	47372.9095804636
1415290.65032232	-5090.65032232015
1575231.1197364	-68001.1197363982
1582748.95584132	-23898.9558413158
1521041.5239027	246308.476097297
1602192.69313551	188167.306864487
1588912.51216172	10027.4878382771
1600576.14715858	110863.852841419
1442177.95241372	-87457.9524137228
1454877.85452337	-55347.8545233737
1509051.74452311	26798.2554768913
1515308.17490913	46191.8250908722
1545534.3556932	-20224.3556931962
1564979.0229485	10370.9770514997
1398698.2766136	47891.7233864016
1373425.780881	3264.21911899947
1284338.36038691	145261.639613091
1218557.9846428	169192.015357197
1539647.07520063	113512.924799368
1549964.70064829	147485.299351706
1586621.450511	-168421.450510996
1595046.06445658	-73656.0644565801
1575684.99535437	61115.0046456273
1569121.32973479	14328.670265214
1573487.2222694	-7377.22226940179
1568610.24866638	-50780.2486663755
1423730.89175115	-3640.89175115182
1430216.36784329	9833.6321567071
1483396.04411457	-307386.044114575
1493251.74093654	-301261.740936536
1530171.82639825	120708.173601746
1541111.04201963	49878.9579803705
1435756.05333884	-67876.0533388404
1439716.07639049	-59736.0763904919
1595124.42876589	-16404.4287658908
1593887.04526173	4022.95473826707
1629057.13847946	-97757.1384794583
1622238.37353688	-76708.3735368779
1449003.5151867	77446.4848133012
1458873.73428312	43586.2657168848
1531630.72027576	-111920.720275762
1573294.02934244	-128934.029342444
1565054.10292099	-111014.102920988
1569348.65771478	-101848.657714781
1385409.3831475	-185229.383147498
1360256.29826202	-34146.2982620204
1449639.36760527	193210.632394732
1456828.89832825	158001.101671747
1572034.25080402	95725.749195975
1579684.31843189	136885.68156811
1379653.73477566	-131063.734775658
1388958.23896334	-134578.238963337
1566008.58899946	-79428.5889994584
1565478.47736524	-92828.4773652359
1556166.36992561	-181276.36992561
1558368.03698076	-169978.036980765
1415236.84730417	-41856.8473041682
1406013.39122792	28196.6087720768
1504239.4876509	172780.512349102
1512395.36961526	132734.630384738
1425989.80525459	158280.194745413
1437521.9586664	150008.041333599
1524573.73070167	78856.2692983286
1530843.50184076	87686.4981592375
1424503.77034606	-208793.770346064
1417882.02717047	-134512.027170465
1490084.13015374	180265.869846261
1459837.76270236	262702.237297644
1406705.33961465	-77475.339614649
1402097.12417353	-34507.1241735306
1447515.96961583	13134.0303841742
1437128.07531988	68001.9246801229
1408869.75901417	61750.2409858342
1387247.87035753	29072.1296424658
1474404.39295726	29345.6070427389
1468305.69507013	57034.3049298704
1617728.77917745	8051.22082254647
1621879.9249082	50120.0750918008
1381520.23161736	-196880.231617359
1395113.09986529	-330283.099865288
1293930.83119349	-352590.831193493
1193176.47369389	229383.52630611
1540677.11076013	-367597.110760134
1533132.08683752	-299212.086837525
1313522.47404979	10027.5259502132
1312454.06921944	-4124.06921943859
1444518.55224764	14681.4477523574
1443316.22433433	-45286.2243343301
1431074.37172338	-69294.3717233834
1438533.83903794	106706.160962059
1426320.36587546	-256610.365875459
1414194.65517832	-212184.655178323
1382892.69403106	-22932.6940310634
1376783.53100031	43706.468999694
1459392.88985464	-94132.8898546414
1467068.39931524	-464588.399315236
1531762.10901548	-192792.109015482
1543362.35765947	-156242.357659473
1594972.6722919	-159982.672291896
1579867.5123093	-96797.5123092972
1525504.34984183	96615.6501581747
1520062.33242282	242467.667577183
1434956.17463677	131113.825363226
1444814.18673159	197085.813268405
1458125.17439826	24224.8256017381
1461903.69999785	41356.3000021479
1444975.80422901	-49845.804229005
1454444.04711486	53125.9528851439
1541624.13015917	-167014.130159165
1548530.16789684	-164580.167896843
1612129.86748286	20400.1325171442
1601233.63454298	-25763.6345429824
1519216.60091193	-130536.600911931
1513033.17685918	-81713.1768591828
1430163.89513645	4006.10486354842
1423885.0557352	-402465.055735199
1451102.24579551	-54802.2457955121
1451229.38547385	-69319.3854738475
1566976.59545443	-128456.595454429
1576726.27024973	-165906.270249731
1485320.37316992	91429.6268300837
1493769.68824612	117470.311753875
1583469.90390441	108530.096095594
1591693.119226	50956.8807740032
1632925.88005869	-190565.880058689
1641087.46871546	-176877.468715457
1402234.24249708	114295.757502924
1339903.45677958	155826.543220421
1514433.61665589	127236.383344111
1531851.27449664	41668.7255033598
1404685.99362655	114864.006373448
1425040.27314157	143279.72685843
1433406.301602	-51106.301601996
1442146.14720283	-52326.1472028325
1529164.05850671	242545.941493286
1532376.66353185	107393.336468148
1506082.44965917	79377.5503408262
1517627.00029245	159932.999707551
1573106.03582373	249203.964176272
1588243.15208208	340246.847917923
1454658.60810264	179701.391897355
1459931.60865953	110338.391340472
1599406.54269169	-54316.5426916905
1601890.25186216	96239.7481378416
1570685.13550449	-30055.1355044898
1578490.03351446	-17380.033514463
1374505.07011653	37324.9298834659
1365223.60283941	80496.3971605859
1596944.36754189	-166674.36754189
1596202.60718026	-175052.607180257
1599192.78667053	94357.2133294737
1592770.5556343	57639.4443656995
1498803.45375559	-87303.4537555945
1509470.54434279	-84440.5443427948
1565359.09612768	-93419.0961276789
1569154.90396451	-103694.903964508
1489888.39078558	491.609214418591
1498369.92808582	19300.0719141796
1608705.43721737	131804.562782627
1615090.15415449	188909.84584551
1426382.26759015	-36822.2675901535
1431093.76012141	-85063.7601214096
1275102.20091479	-63782.2009147934
1258896.64776989	-102746.647769887
1467052.4156971	24127.5843029012
1463033.60485661	75456.3951433895
1283596.82579751	150113.174202487
1211307.75046016	311302.249539842
1418451.38629823	-236131.386298234
1416289.85748301	-218929.857483008
1455952.9404005	-198922.940400498
1447559.43045388	-206939.430453878
1587100.6620833	-26620.6620832952
1573506.8841682	99803.1158318033
1511966.68665606	-290296.686656063
1515174.45187591	-321944.451875912
1486125.38049065	-35715.3804906482
1461782.70540433	33857.2945956676
1468409.13414103	-134019.134141031
1479663.22580409	-133663.22580409
1564181.38101666	98888.6189833405
1575745.85597704	158024.144022957
1612854.38441494	-178614.384414944
1598430.81062303	-265380.810623029
1458529.2621905	-111729.262190497
1454024.48559154	-67054.4855915376
1610627.70329264	-142827.703292636
1608626.59604609	-118476.596046092
1355986.55199996	-232476.551999962
1356392.3992543	-194522.399254298
1377184.17446406	-127574.174464062
1375286.18729214	-143596.187292138
1361872.65885044	-26172.6588504355
1333118.02122238	78121.9787776156
1377728.5447476	-42278.5447476
1391676.41042475	-19616.4104247475
1523281.17988614	132118.820113863
1536086.11965966	261383.880340342
1489867.72002513	-6577.7200251298
1601521.60397195	-110291.603971946
1568693.23804672	242546.761953285
1546640.99408205	175519.005917948
1478017.71842084	-26587.7184208448
1497335.78677314	-41265.78677314
1438664.86289704	-131924.862897036
1427105.23287278	-42975.2328727776
1548847.78687113	-165507.786871129
1562782.34045985	-139362.340459852
1539379.21472081	94470.7852791909
1532134.02772241	80185.9722775917
1540066.52056605	161173.479433947
1537228.53073675	156031.46926325
1603048.88973957	37931.1102604316
1591590.34549492	206749.654505083
1378020.22327786	-151940.223277863
1378647.35693081	-113627.35693081
1482403.20314694	-42473.2031469413
1489549.72492842	90510.2750715828
1601483.59710528	264866.402894717
1605893.59310045	198976.406899545
1392476.06760172	-286726.067601723
1391039.23946753	-255599.239467525
1630836.74363496	-41416.7436349603
1632217.85100503	38912.1489949704
1330193.07229453	186.927705473332
1325548.53317673	53121.4668232681
1302647.57661055	87362.4233894536
1310442.25932075	140967.740679251
1369224.8831626	255835.1168374
1393116.85685243	324363.143147573
1621515.88026685	22694.1197331533
1626488.76095513	57811.2390448734
1576353.82973615	-93943.8297361498
1597267.36036779	-44217.3603677858
1386120.00166658	102089.998333416
1393025.46797886	122614.532021135
1320581.29208798	149088.707912024
1356193.87938165	109506.120618347
1415098.39039193	-127018.390391926
1401066.7614149	22563.2385851026
1419544.40198589	256585.598014112
1422524.33328416	164735.666715843
1581786.88030177	122273.119698233
1589517.79092249	29192.2090775085
1552981.27537871	-87431.2753787108
1557505.33315703	-104025.333157031
1612603.4361803	-241743.436180303
1585975.97638183	-287835.976381826
1486700.1408284	-216490.140828405
1482140.2285487	-172770.228548698
1410685.35630175	-213335.356301745
1417293.45723125	-229883.457231251
1479143.16509792	-130093.165097916
1464240.13089569	-44000.130895692
1551877.72817049	-93907.7281704897
1561201.63779011	7948.36220988578
1270096.90761634	167783.092383664
1290923.61013102	216596.389868978
1624477.92064516	-77827.9206451554
1641363.06181185	-167143.06181185
1389748.13310279	-65268.1331027874
1377577.89378261	-41707.893782609
1358687.64103683	-80807.641036828
1370935.30769339	-39345.3076933869
1439639.1488706	-39129.1488706005
1441914.99172609	71895.0082739054
1312972.64635759	-102442.646357593
1305322.41159804	-165252.411598044
1562641.02693319	-305061.026933188
1567403.55220936	-86673.5522093611
1468975.52092062	-62585.5209206194
1465494.54225741	-16314.5422574112
1530453.94117485	180086.058825153
1549393.27390784	124556.726092163
1506855.63207322	77474.3679267757
1517990.2202261	-52020.220226101
1587041.9950207	-127011.995020703
1595613.72239978	-141623.722399781
1429565.55394286	-30925.5539428595
1429747.76685547	-67317.7668554725
1530025.36305855	68314.6369414471
1547308.12176194	120861.878238055
1570547.36829743	-102117.368297432
1579069.17899376	2010.82100624481
1504430.04741781	101089.95258219
1520087.03134675	41092.9686532505
1581306.1986231	215683.801376902
1586782.60989515	39627.3901048457
1450462.43391614	137377.566083858
1450984.87062716	189565.129372837
1466277.79632102	-96627.7963210195
1449395.50334886	-49755.5033488601
1438809.50123789	-131099.501237886
1440388.95023008	-335408.950230079
1440996.93206754	260293.067932462
1440424.81373164	-49304.8137316443
1484764.62476357	90645.3752364329
1502860.99496642	91219.0050335809
1544912.09535956	120767.904640441
1560616.84449035	129503.155509648
1540926.93122621	46303.0687737862
1548714.03622426	85595.9637757373
1484871.42492054	-171151.424920539
1469254.93630475	-111904.936304745
1472323.02722166	-74153.0272216598
1479076.74024392	-308656.740243919
1570281.96860522	-49211.9686052248
1576554.25642632	-50244.2564263188
1431539.61173584	-82019.6117358367
1432095.4611643	-72615.461164303
1509494.10341783	-481574.103417827
1517131.35750085	-212961.357500851
1468635.2073281	-110785.207328098
1466091.45678573	-86491.4567857319
1304248.78095162	-130508.780951624
1310707.59120271	-86997.5912027145
1486112.06513126	74877.9348687424
1486406.66456634	104723.335433659
1343503.4246957	258326.575304299
1351778.23187095	238121.768129049
1525839.79097661	58390.2090233855
1517334.80822842	109475.191771576
1429994.9338618	-32544.9338617999
1422164.04937762	-64444.0493776209
1427853.78661972	180376.213380284
1426023.78617786	123036.213822144
1570107.5215328	24622.4784672035
1567849.3304533	41210.669546705
1382961.60944643	-153331.609446433
1391128.73252571	-107388.732525708
1504200.53106686	-62510.5310668597
1505635.23118603	574.768813974524
1419540.21897773	-145250.218977726
1416773.86871055	-48173.8687105545
1478485.048762	20474.9512380026
1488617.55305747	-2317.55305747059
1397692.71908808	-196632.719088079
1395664.12243488	137655.877565125
1486750.77975004	21139.2202499638
1486232.21771582	60507.7822841819
1550594.03933929	13065.9606607067
1562149.77184677	34770.2281532331
1609231.89349986	-129601.893499863
1624190.41170533	-155930.411705331
1548367.49074061	44852.5092593881
1535654.28154018	128135.718459823
1566019.850551	80480.1494490022
1579880.77729343	-17060.7772934318
1542240.73188329	-30900.7318832949
1547905.49630659	68604.5036934064
1462617.83958148	-73907.839581483
1463217.7764717	-37267.7764717011
1426033.32763517	164436.67236483
1413419.20826993	242670.791730068
1567082.02400771	236737.975992288
1578375.78927214	102364.210727859
1561003.49154719	-414013.491547191
1585643.21683748	-375233.216837477
1481674.45838106	-50794.4583810574
1485678.87403565	-20798.8740356497
1476879.70922842	86010.2907715789
1475433.64648862	61436.3535113751
1582301.05234005	13548.9476599538
1597334.9058932	121185.094106797
1286084.88747445	-97924.8874744452
1285205.51011409	-65675.5101140943
1471078.39584251	-79708.3958425072
1478980.16274516	-36230.1627451639
1549280.43750889	176609.562491111
1549758.38581287	219111.61418713
1425078.1079789	116151.892021103
1425718.88412616	159491.115873842
1369788.21013113	68341.7898688679
1355572.14815091	104827.851849093
1380319.09208988	-176759.09208988
1368732.25829627	-161002.25829627
1333265.91612918	14124.083870821
1320147.89890232	-35767.8989023153
1338535.29025655	302374.709743446
1353544.35965356	65035.6403464365
1317184.04956616	253955.950433843
1319379.30549013	167180.694509873
1318066.02645662	-23696.0264566162
1362211.08698402	-18861.0869840176
1532202.71506007	22377.2849399253
1551472.56390008	-21502.5639000814
1437265.58222896	222104.417771037
1440069.0889237	200730.911076301
1441528.60451147	55951.3954885333
1436866.99202641	195793.007973587
1576021.55223931	-118011.552239307
1574342.38444833	-131082.384448326
1562488.74086491	132121.259135092
1554153.43523255	92196.5647674518
1465016.02751597	-102186.027515969
1468759.01983777	-15859.0198377684
1527598.37364819	-99068.3736481857
1509653.45811954	-77843.45811954
1414389.26300111	-25219.2630011138
1419110.57140778	-16010.5714077793
1599546.15909167	-132496.15909167
1593404.97275656	-119244.972756563
1569579.39535603	-155259.395356028
1534339.07087558	-46249.0708755826
1296163.85845449	-175143.858454495
1309392.33854205	-166992.338542049
1272792.17636096	-64952.1763609612
1285165.17485687	-77925.1748568672
1404967.82884239	-90177.82884239
1407829.32188442	-121869.321884419
1538018.36925537	-322998.369255372
1528248.31222604	63301.6877739567
1470032.93239703	-86342.9323970349
1479087.56813434	-97847.5681343379
1463970.59088708	4559.40911292182
1465402.67240356	106017.327596442
1342908.13605064	-151018.136050642
1375186.50888395	-261066.508883952
1442731.03650998	70838.963490021
1427577.6962477	141762.303752295
1520548.66780251	70001.3321974867
1516590.31135307	19249.6886469346
1298926.72661671	-114296.726616715
1297782.5902615	-143172.590261502
1430164.50646803	-29674.5064680338
1441140.02074015	-37110.0207401505
1462653.95374951	-23983.9537495074
1451348.58610535	1521.41389465116
1478173.11500544	-157873.115005445
1472341.47527666	-49181.4752766595
1465101.75782575	-79811.7578257495
1466861.83882201	-40371.8388220107
1539455.15271389	75324.8472861107
1524840.50625914	143559.49374086
1594503.907075	-4603.90707499843
1597773.8916056	-46273.8916056027
1445875.21102759	-32985.2110275927
1433990.74427575	17659.2557242505
1386030.00332595	-5650.00332594819
1396904.71502073	-357154.715020733
1542625.57734806	-112885.577348058
1537487.60830424	37452.391695757
1298619.16086671	-113689.160866714
1323094.92008258	-92104.9200825806
1476402.85444672	-268312.854446725
1462772.0766605	-323842.0766605
1552833.15494767	337056.845052329
1550118.74616615	281831.253833847
1407509.6407865	79640.3592135025
1383478.91199045	132551.088009546
1552196.53744672	-84676.5374467178
1550912.64231525	-91102.6423152514
1408397.23482176	42302.7651782426
1426685.44025715	76424.5597428549
1487800.85231416	160179.147685837
1390474.27217416	286095.727825838
1378495.80859199	-9675.80859198919
1383728.69392341	-41448.693923405
1478344.88756765	-163204.887567654
1473321.74606684	-61241.7460668399
1543783.00335396	-197153.003353956
1543054.02869618	-16314.0286961836
1356380.31814728	49529.6818527203
1345668.45352854	88341.5464714629
1276638.41059095	-81968.4105909524
1264977.45371299	-42797.453712993
1460320.84936976	-2910.84936976485
1463422.86632674	145847.133673256
1560007.43581207	37302.5641879302
1579864.27366803	122325.726331974
1461528.62117381	82241.3788261876
1459340.53631338	166039.463686616
1460495.93293594	-145275.932935937
1460996.53883129	-163956.538831288
1562285.70907285	-142735.709072855
1584069.61780403	-143379.617804032
1390812.07064706	185217.929352944
1401382.56692048	259547.433079518
1291392.23277095	37497.7672290522
1261334.63658937	141925.363410635
1416404.53546567	-340874.535465674
1413649.65704216	-70369.6570421627
1345248.4478109	-620457.447810898
1310274.44495863	-185834.444958627
1411919.98582568	-110289.985825676
1461144.02915078	-149324.029150779
1420066.499898	-68856.4998979997
1417951.00407911	-27741.0040791129
1544645.52447921	-110395.52447921
1567928.05229939	-36788.0522993886
1445244.00518885	26455.9948111469
1453232.5898381	-52082.5898381041
1469004.45609734	-151754.45609734
1473755.45205798	-152445.452057978
1518988.94947685	-128068.949476852
1520197.11670864	-199927.116708642
1423490.05855534	185549.941444661
1427178.0788105	258531.921189497
1512178.08996839	-69488.0899683911
1530487.58513851	-2387.58513851268
1514556.33612964	29813.6638703557
1528550.39307256	5459.60692743862
1600766.79246048	54483.2075395248
1581339.88906955	100230.110930452
1368035.60353059	-113905.603530587
1373017.12136213	-105777.121362135
1555615.24909964	208694.75090036
1563934.08921672	221175.910783275
1441372.63525657	174207.364743429
1466310.67281795	165429.327182051
1444977.83131859	119182.168681414
1443868.22884532	99271.7711546767
1409021.91450917	-6561.91450917386
1417459.30184352	-218539.301843522
1517489.83853488	4660.16146512049
1508815.44779927	53164.5522007291
1474166.1170476	-187396.117047602
1476802.07457427	-89602.0745742677
1611810.26044229	119849.739557713
1613969.47327374	76180.5267262582
1468449.98501937	34510.0149806323
1489637.97051248	50832.0294875236
1372116.85007341	-4746.85007340864
1353298.82426767	87421.1757323252
1477995.71662035	108494.283379649
1477038.89965487	112871.10034513
1486299.9571567	-19209.957156704
1483589.67360198	22000.3263980198
1546443.61677821	-14963.6167782125
1551409.92687457	-3599.9268745725
1300524.7213754	-40614.7213754036
1307920.3909254	-64860.3909254049
1560261.35682711	317558.643172888
1569143.87517484	338786.124825163
1570738.06823268	-391298.068232683
1573039.50272027	-200709.502720265
1458823.65274493	-215893.652744932
1450542.64888296	-172902.64888296
1539814.11146614	-350264.111466139
1526927.12280188	-88607.1228018817
1439620.11102523	190749.888974769
1442799.02718086	76540.972819144
1460517.87817798	-60337.8781779813
1468866.15507365	17403.8449263467
1412729.33098119	306890.669018809
1407186.21840093	259533.781599068
1622310.21778034	-97010.2177803373
1620039.27996849	-198129.279968486
1554806.32902202	19423.6709779816
1577986.99278651	-119896.992786512
1562004.09293746	9135.90706253779
1561794.79927663	20255.2007233685
1582856.39424346	-3766.39424346282
1585195.88635038	-55075.8863503817
1463578.1953093	24831.8046906996
1459284.78747781	-37064.7874778114
1421049.49891932	119970.501080684
1425412.53110576	150307.468894244
1575340.05893832	78999.9410616816
1586945.51463353	57824.4853664738
1408653.96318792	-87333.9631879216
1426661.73319173	25928.2668082737
1509136.38917897	42323.6108210296
1505199.36306959	45540.6369304071
1560397.43981563	-208457.439815631
1557771.64399829	-112861.64399829
1296542.62287555	7457.37712445098
1299573.4951656	105226.504834398
1481946.67466178	-179536.674661784
1469671.52508429	-42071.5250842895
1447732.91328265	306617.086717351
1442677.78960467	127052.210395331
1375541.51150215	96618.4884978532
1390236.17800032	100473.821999678
1458814.10155648	176235.898443516
1473613.06876818	161536.931231817
1566252.53103593	42617.4689640671
1570495.49799133	26144.5020086696
1593563.58731861	-111133.58731861
1602641.08467987	-119711.084679872
1430113.44531365	-18653.4453136471
1457828.61165222	-6918.61165221572
1398506.70445275	-37496.7044527499
1406332.36161402	56337.6383859844
1549265.87048	-49255.8704799992
1544722.94809762	-33522.9480976218
1300193.15438055	100856.845619452
1297614.61692686	156035.383073141
1385128.29335055	270161.706649448
1399873.71814563	165106.281854366
1456792.40906295	-76782.4090629513
1452629.34894685	-70909.3489468494
1601087.62925099	-38887.6292509882
1599038.70103446	7411.29896553506
1431615.21293333	-305365.212933331
1432721.15186469	-311001.15186469
1491554.25391788	48285.7460821202
1495414.75293718	110285.247062822
1402609.47119711	101150.528802886
1388355.94592148	75284.0540785249
1349998.45219582	-373933.45219582
1326190.47934215	-70260.4793421456
1431110.61369964	56639.3863003592
1438133.15812065	48066.8418793454
1456546.97597514	49603.024024856
1441318.13894871	102341.86105129
1553585.6792702	-50635.6792701991
1554493.60546472	84846.3945352821
1567962.54428448	22257.4557155174
1567191.33199097	48408.6680090288
1438131.53792036	142548.462079642
1441281.03685308	198688.963146921
1415819.93501042	192810.064989584
1433029.2891121	152080.710887904
1415586.62499413	93093.375005868
1406534.56559156	221525.434408439
1552845.63001576	94384.3699842445
1554442.9293056	82347.0706944002
1552981.54390947	-89151.5439094734
1569987.51663766	-44217.5166376616
1536080.47554689	93359.5244531056
1542800.15318721	138169.846812786
1470586.46430576	-82096.4643057592
1457923.59320616	-138813.593206163
1328014.82224093	-27794.8222409331
1334476.59888665	-401275.598886649
1599108.19037241	60951.8096275942
1583678.33900908	210031.660990924
1434408.72097787	194711.279022127
1438602.37847647	123427.621523534
1573185.27351065	-170755.27351065
1578858.27280242	-85378.2728024191
1381234.48071476	156345.519285236
1365803.92040675	174546.079593254
1470448.41354721	-107798.413547209
1440659.45452117	-86199.4545211743
1449220.67326329	-120210.673263287
1438321.86304127	-153991.863041266
1575117.67979335	177622.320206651
1581635.32923862	168194.670761382
1394134.56311204	54925.4368879577
1388335.01385769	59484.9861423051
1568836.73934205	154793.260657955
1575265.43273936	185264.567260635
1442371.81527234	-58891.8152723424
1422472.05186489	12917.9481351073
1438814.28164283	-103724.281642828
1417201.97706199	-132931.977061994
1341674.57501821	-34164.5750182068
1325591.42075037	100358.579249633
1441418.85884091	39721.1411590923
1447768.7519715	66011.2480284982
1594124.34671263	100785.653287367
1607084.36585539	44505.63414461
1539627.85129807	-272497.851298073
1515666.93903356	-80246.9390335556
1542562.6243125	-42092.6243125005
1543880.25997969	52039.740020308
1589917.91741241	221962.082587588
1563679.20214523	324650.79785477
1379975.82389277	-48945.8238927738
1404932.06116742	-83152.0611674234
1573721.13956639	75238.8604336095
1571598.73387811	61941.2661218919
1515629.45774603	-134989.457746034
1502047.74594103	-64757.7459410327
1458565.71762451	-88225.7176245068
1464936.64802938	40513.3519706166
1543138.59161216	-31078.5916121625
1552133.29183989	-31373.2918398882
1461896.94253642	46303.057463576
1445291.26727386	135718.732726139
1353554.39597244	-56844.3959724361
1354874.8168361	67785.183163901
1567544.03445595	3225.96554405214
1557504.55758902	174005.442410981
1525714.65386028	175175.34613972
1528165.19144467	257404.808555329
1530657.47846849	-127887.478468494
1537165.09489318	-107415.094893184
1646308.88163643	-35388.8816364274
1644725.91287829	-60745.9128782937
1595810.87511059	7189.1248894101
1593884.83479928	14995.1652007215
1541435.02360599	-7295.02360599346
1536106.74575068	-39346.7457506819
1490521.66385211	-45501.663852114
1474425.9806943	17064.0193057038
1439637.32476054	101502.675239456
1424954.49089625	61875.5091037513
1573705.8946147	1934.10538530425
1589362.94246217	-69212.9424621732
1428252.74969586	35897.2503041392
1444686.46132188	-486483.461321884
1465124.48200038	110415.517999624
1455604.07108861	140205.928911392
1579610.74916535	-61760.7491653517
1579731.36280735	39838.6371926537
1550438.71115367	-20348.7111536736
1574168.03232072	4431.96767927585
1354805.44389941	-139295.443899415
1360436.6084641	-121366.608464099
1472059.17683784	-224919.176837836
1475568.39635733	-385328.396357328
1531270.77091555	-328520.770915555
1530053.55477482	-217753.554774816
1531373.09447061	-94283.0944706124
1526042.21023922	-40352.2102392239
1579075.56851343	-27015.5685134286
1585451.62349334	19348.3765066582
1510758.90234569	-152968.902345694
1536846.97807539	-369506.978075392
1467868.3950803	-83758.3950802951
1481685.39257764	-20375.3925776397
1550461.27160754	-122471.271607544
1554705.91360762	-193445.913607622
1530434.36896149	-52854.3689614868
1543856.03843246	-96616.0384324565
1632397.37465809	-60567.3746580889
1615275.9836958	57924.016304205
1567633.489046	308206.510954003
1573903.01140193	500336.988598069
1462901.45789619	-132541.457896193
1450055.28430387	-90215.2843038714
1394492.50992819	-13602.5099281888
1372671.01808726	135208.981912741
1472207.18620378	-61407.1862037846
1477836.13171761	-36126.1317176149
1544161.25991941	-56621.2599194092
1515334.62369593	-75744.6236959258
1347847.44678403	66442.5532159701
1340635.67156226	103094.328437736
1430042.29809676	-151092.298096764
1419937.27283411	-51957.2728341108
1538193.15137652	-61663.1513765154
1554063.86737027	-79603.8673702704
1434890.59451853	152989.405481472
1434548.01538305	222301.984616953
1346714.65180838	239675.348191618
1384981.6675316	-104701.667531597
1519521.57734889	107888.422651113
1517025.29714423	111334.702855771
1491298.08854658	128381.911453419
1612512.9303851	21247.0696149012
1452348.1147791	108491.885220897
1463386.06613026	82943.93386974
1277953.31768854	-83023.3176885366
1276838.93775195	-60798.9377519528
1368320.15250556	-77690.1525055555
1358358.9513175	-33028.951317496
1533745.82604365	-72215.8260436543
1579744.84339582	-101114.843395822
1475570.64530635	-56880.645306352
1479419.23555488	-24749.2355548805
1562100.87096605	-152050.870966055
1564766.8833331	-122236.8833331
1406287.33569533	173212.664304665
1409628.80871401	117581.191285985
1506788.29748623	-172598.297486233
1528740.61292749	-147070.612927486
1581584.60483501	-198064.604835011
1585930.99592282	-183190.995922817
1444671.39153779	-133841.391537791
1434163.85754816	-76233.8575481597
1422598.91634144	139331.08365856
1439643.00203135	55486.9979686456
1593857.11261775	77472.8873822538
1595743.54979096	114126.45020904
1645272.86474511	-245122.864745115
1636781.92341767	12598.0765823251
1570369.24936723	102320.750632771
1586951.21647204	178048.783527964
1477277.91371426	-24087.9137142562
1477104.60252131	985.397478692753
1584348.5952592	245101.404740798
1584574.58606522	192525.413934783
1432476.04777136	-4276.04777136215
1436293.34537896	56626.6546210424
1321045.71948288	-132825.719482879
1310124.77722614	-81154.7772261365
1449346.40818372	9063.59181628442
1468228.77806316	25241.221936841
1435574.92257187	-193514.922571867
1427576.71438322	-138506.714383221
1400454.34930538	65035.6506946191
1403739.31016941	45800.6898305852
1424595.79007161	61454.2099283922
1429717.24804829	38112.751951708
1595535.85590215	21574.1440978542
1579532.01084878	113037.98915122
1496946.26392417	6013.73607582975
1529478.33371488	-1268.33371487656
1461500.4816027	-156160.481602704
1483859.17005594	-270439.170055936
1456933.1678101	37926.8321898981
1469688.93836098	49531.061639016
1436374.39092388	14735.609076116
1451285.65184883	89844.3481511732
1471750.21281489	-639397.212814888
1467250.028354	-182960.028353997
1547952.98875038	133797.011249623
1542199.4342662	130310.565733799
1610435.65060906	-26395.6506090572
1616243.43143735	-4963.43143735273
1569688.21661439	245561.78338561
1577511.18825884	252548.811741165
1452540.94839244	-185880.948392442
1476798.59729546	-324128.597295458
1380339.29257318	30860.7074268236
1378719.29361404	71240.7063859648
1556598.47500189	112441.524998109
1581782.88347082	74887.1165291762
1606483.73719932	21296.2628006767
1607093.09407795	31846.9059220513
1590248.19059412	76651.8094058779
1587457.15341387	167572.846586134
1468790.89780638	-159220.897806381
1459371.41879913	-187351.418799126
1563142.81887779	-139432.818877786
1564544.30426636	-76614.3042663607
1463648.17267962	121061.82732038
1482564.72336749	63975.2766325092
1413468.23576503	243611.764234971
1411721.16125939	-139971.161259394
1561640.40426643	308459.595733572
1565824.46063467	216315.539365326
1485839.82130238	-147369.821302384
1495679.34390612	-128449.343906117
1406596.24138861	69673.7586113927
1409953.59474466	89266.4052553422
1421091.26541308	-13761.2654130836
1426030.0527217	-5350.05272170449
1467874.37600714	-192934.376007144
1469573.38329907	-182213.383299072
1541918.74372756	-145478.743727563
1545241.45407344	-72491.4540734406
1390750.81818657	-92340.8181865706
1402084.68043267	-104864.680432665
1478513.6795824	-95253.6795824019
1472457.83833023	-81147.8383302328
1595384.65052748	36075.3494725221
1573212.61428435	139497.385715646
1429486.28310983	-67696.2831098328
1425590.19660483	-72660.1966048278
1518483.55467742	22806.445322576
1533210.77723879	40169.2227612118
1452596.86285073	4333.13714927319
1443129.33918899	135480.660811012
1407029.12837795	-98539.1283779545
1411560.07422887	-99810.074228867
1573445.65038777	-98825.6503877679
1572906.15389338	-60066.1538933813
1413365.2115868	-342735.211586803
1413820.01393245	-5280.01393244977
1601823.01406476	-234253.014064762
1616551.62116958	-103831.621169576
1549947.26088877	-149037.260888773
1542503.55164719	-140453.55164719
1513869.76686882	-248149.766868824
1506317.8214087	-482177.821408702
1439060.71536205	215499.284637948
1433792.29531866	213007.704681342
1428302.41724461	-354872.41724461
1411264.88645949	-103784.886459489
1408125.03717246	38784.9628275355
1418085.26806815	1674.73193184994
1282186.69829676	-199906.698296761
1282040.88144178	-118290.88144178
1449670.16902371	31659.8309762928
1454131.58837044	57218.4116295556
1416334.78710426	86485.2128957354
1409296.88618032	114193.113819682
1498868.06238707	-91558.062387074
1504355.40672207	-96955.4067220684
1572642.57887079	-91522.5788707875
1574331.65724007	44608.3427599279
1578529.530428	146590.469572002
1570655.46781432	115354.532185683
1555828.11127626	147311.888723737
1549835.58261179	142534.417388207
1579389.06517658	-15079.0651765754
1570895.64763227	49004.3523677318
1506323.12463151	-137253.124631507
1506438.9266949	-133958.926694902
1558410.15178334	-116980.151783337
1582144.45502145	-86234.4550214516
1403305.2108295	81674.7891704974
1405819.38012363	32620.6198763693
1400817.3243465	-28927.3243465045
1431608.70293978	-32818.7029397783
1423845.98265858	60634.0173414206
1415364.30549871	101545.694501293
1562465.75562228	260524.24437772
1567512.06462744	338587.935372557
1515507.64507696	-152877.645076959
1522770.49139665	-131870.491396647
1579305.16892969	-197865.168929694
1582239.42420302	-207469.424203021
1473574.53361397	-177794.533613967
1485597.4820587	-336107.482058696
1504007.52349349	-26477.5234934911
1500097.52949985	-7877.52949984727
1532076.76932455	77393.230675449
1524152.11232749	123087.887672513
1335590.7968499	58179.2031500968
1373426.6765565	262873.323443498
1440306.5264448	52393.4735552028
1442434.2280945	47495.7719054978
1585843.46139129	-63413.4613912924
1583812.80708252	13707.1929174751
1448170.36427614	62519.6357238578
1452272.90545906	99077.0945409401
1334783.42052003	-247043.420520028
1344098.87884979	-289268.878849787
1588773.9910417	-135973.991041701
1589550.41800267	-14630.4180026687
1536976.97647457	70583.023525432
1541226.47497894	91733.5250210648
1383711.2473133	64088.7526866994
1373618.07306153	49751.9269384692
1468863.00232416	132156.997675836
1450356.68371358	192043.316286422
1431679.22739315	-167909.227393151
1427552.96672666	-391152.966726659
1494718.9851056	-15648.9851056016
1468064.45642024	2425.54357975891
1439192.8536074	131547.146392605
1450186.39685135	86803.6031486516
1510667.38741799	125072.612582011
1518970.36842469	155339.631575305
1311728.48200517	37571.5179948325
1290867.86100601	66512.1389939892
1436684.9654315	-92204.9654314994
1425685.2561947	-133175.256194698
1616529.30910053	-57999.3091005332
1624261.59996888	-44181.5999688778
1585274.4230834	21745.5769165958
1577998.61254133	18661.3874586702
1543527.1392895	-49997.1392895007
1562961.04839191	28418.951608094
1449013.09913118	145016.900868817
1447249.6247557	186210.375244297
1587644.82832347	-106264.828323469
1587982.82331864	-39552.8233186402
1405185.38024889	104454.619751105
1398643.97996018	54526.0200398238
1399032.20213246	-15752.2021324633
1393793.2607503	39496.7392497015
1619238.14921171	106791.850788286
1605782.62817406	247467.371825937
1447287.62721217	136602.372787834
1437762.52023215	130557.479767848
1461534.86482165	-64244.8648216496
1511881.73002291	-79991.7300229056
1512182.02552132	285077.974478677
1525688.51459884	272391.485401157
1471852.0166704	-147162.016670395
1471495.53352612	-120375.533526122
1565202.7485293	-216182.748529302
1547233.35324425	-344493.353244252
1545027.18074788	48602.8192521191
1565522.95351585	33837.0464841504
1573125.70220774	22844.2977922552
1571164.34757276	126495.652427238
1510749.56816939	78780.431830606
1544675.04655985	29614.9534401541
1402792.87604185	-219622.876041855
1378942.01896896	-134272.018968963
1366718.29781984	-131388.297819841
1357083.17041924	70726.829580761
1466228.48302316	-11108.4830231592
1464142.75272716	20297.2472728407
1402667.29058069	-576741.290580687
1385831.57606057	-584262.576060574
1508055.64102888	-29185.6410288781
1535818.07008673	-64798.0700867273
1581905.64133199	-44155.6413319881
1546914.95292421	56205.047075793
1521246.42241864	236173.57758136
1529456.6826262	-27186.6826261997
1564801.54602683	-244701.546026833
1575163.49209837	-107913.492098374
1552260.32529032	-27930.3252903155
1566283.07453798	-35693.0745379819
1435704.61342048	117625.38657952
1444914.08589011	63275.9141098871
1573070.66429042	-291680.664290422
1574450.21838616	-262500.21838616
1592893.34198666	86286.6580133388
1588260.79798583	62009.2020141746
1497903.09088981	11906.9091101902
1494148.31781306	93851.6821869354
1513215.97821935	-24735.9782193469
1526100.34943807	58699.6505619259
1533701.97197534	60778.0280246632
1535101.08247875	41888.9175212536
1666942.75955551	-2902.75955550949
1564837.03002446	191982.96997554
1413649.53787601	205370.462123986
1397212.86414285	181457.135857146
1565470.07376319	112309.926236812
1584008.11303362	88531.8869663816
1444459.36702621	-162229.367026214
1461377.48147619	-174427.481476191
1466379.23959373	-272949.239593725
1440938.51152344	-148308.511523443
1562127.59992389	-13707.5999238855
1564253.59894025	-18473.5989402495
1514835.96623889	-22655.9662388929
1525185.50210235	-19465.5021023507
1563525.90014109	16594.0998589099
1564750.41712893	3479.58287107077
1457421.41664125	82218.5833587537
1453468.96695623	170591.033043766
1651121.47678081	-271561.476780814
1648222.09011172	-326002.090111716
1451864.99417896	29505.0058210397
1482613.65635703	41146.3436429688
1361735.08376871	36094.916231288
1343337.4714371	104172.528562904
1522733.55102563	-42793.5510256336
1512621.2069186	-22251.2069186049
1482604.78100758	-121764.781007582
1473215.90425807	-187695.904258075
1381733.5821454	-129543.582145399
1377791.08734202	-92131.0873420171
1449077.69861297	-51757.6986129743
1445202.28032578	-37492.2803257764
1637332.95903068	-129292.959030681
1637626.14358806	170953.856411944
1486732.84340709	-364642.843407093
1488522.24139769	-343102.241397687
1585095.84780486	39494.152195136
1599022.20098343	16267.7990165729
1575606.388771	-30726.3887709967
1582345.74535137	-52815.7453513743
1352871.76955008	-19121.7695500833
1366868.27156601	37031.7284339919
1439313.04068358	-228983.040683576
1448951.37002694	-259261.370026939
1320358.47187859	-94408.471878593
1284228.69760409	-26638.6976040938
1455667.856592	-148447.856592005
1463603.70432689	70536.2956731114
1435985.87399536	22194.1260046446
1439081.85091354	-54711.8509135439
1279766.66087157	29113.3391284253
1255756.63631667	65333.3636833316
1574187.33677563	56212.6632243732
1592756.82675671	21793.1732432853
1275125.68534225	94264.3146577471
1263262.33064295	132127.669357049
1457305.22871585	-60175.2287158482
1469483.88837279	-4463.88837279302
1409170.87105656	-53000.8710565587
1435246.06620897	-17976.0662089704
1587523.37844372	5776.62155627673
1595997.78765335	34962.2123466504
1478990.28634929	-96090.2863492933
1461629.3063254	-140899.306325404
1558034.75015968	4125.24984031809
1583670.54112348	-16600.5411234847
1554946.39134146	-298266.391341461
1560722.80679309	-714948.806793088
1440996.07813084	-134436.078130843
1425030.23170432	-160280.231704319
1416998.04794073	-36408.0479407339
1458570.84065027	-3970.84065027132
1612339.08245146	-158889.082451455
1621025.65462972	159724.345370282
1315252.59617132	-273962.596171317
1323491.51317893	-269791.513178932
1448793.27416676	45636.7258332443
1447972.96717458	65287.0328254176
1389654.23892227	191865.761077731
1391775.99135117	211754.008648831
1331455.29328252	39954.706717481
1328980.23764807	-231590.237648066
1275110.62884369	29839.3711563134
1305412.92840307	-21832.9284030686
1419314.88188012	-157904.881880119
1434885.49418759	-181025.494187586
1435324.29666489	-165534.296664893
1435595.34309119	7964.65690880851
1601559.96137255	239520.038627448
1599287.52063249	156892.479367512
1578288.96930114	-37088.969301142
1584558.50807779	-17768.5080777857
1460747.7353515	-18417.7353515043
1471032.52110982	14717.4788901823
1360865.7731712	23454.2268288005
1354473.89802137	49006.101978632
1331118.36927352	-65378.3692735205
1335150.36921553	-7710.36921552987
1551519.57977598	-18609.5797759782
1555249.38903532	-69139.3890353186
1557379.19027415	92560.8097258467
1565001.20358976	80058.7964102359
1473278.31287368	-128338.31287368
1491962.40124214	-94182.4012421355
1501351.78109429	71298.2189057056
1485922.46453914	133417.535460856
1489251.51003804	-82851.5100380385
1481269.93420796	-72039.9342079609
1480361.09133387	-113801.091333872
1484556.30205232	-144336.302052323
1463208.67150665	-31148.6715066478
1446090.37199652	29199.6280034811
1489284.57383606	177535.426163943
1489205.56970328	244264.430296716
1566330.11874862	55379.8812513755
1570452.17546656	34887.8245334362
1612475.23202074	102044.767979265
1619396.80369456	144503.196305441
1574825.38615355	145824.61384645
1562730.78137069	164149.218629313
1573619.9933779	-161769.993377901
1577117.50706742	-14247.5070674151
1563773.9694597	-48243.969459703
1564858.10082086	-133788.100820855
1472504.35022432	136595.649775675
1467789.38045606	145290.619543941
1390924.72578956	-97384.7257895583
1405002.18186351	-76442.181863514
1540131.51199158	45328.4880084225
1556702.58189601	12447.4181039872
1569110.60173944	35029.3982605612
1572485.42329606	51414.576703942
1454099.31993569	-235399.319935693
1459634.11240266	-153184.112402658
1361008.17115407	208561.828845925
1337341.74648732	256908.253512676
1446856.1817641	-130786.181764102
1447494.16555534	-89144.1655553394
1533243.33148907	197666.668510929
1522274.19269267	129695.807307325
1445929.0887098	-139599.0887098
1443776.32239075	-85096.3223907544
1573361.16535867	-194611.165358669
1575554.2982106	-189344.298210595
1464615.02320499	-35275.0232049868
1485589.43486989	-56749.4348698932
1457984.00622209	-192684.006222094
1460712.76529827	-195722.765298273
1394870.13527558	232199.864724416
1386613.3333705	288836.666629504
1453538.27551292	48511.7244870755
1456219.94807974	4970.05192026038
1612965.2602091	-49155.2602090967
1612680.58537893	119.41462107503
1525051.4420318	-8361.44203180501
1518669.93214856	-24919.9321485597
1423791.78216978	73848.2178302158
1440694.19498641	97275.8050135881
1496398.44402241	49771.5559775916
1499454.42048697	73535.5795130276
1482403.83462198	3436.16537801589
1491533.25819853	11496.7418014694
1548279.15718968	-307099.157189682
1564487.02092713	-503507.020927134
1473849.40839574	-83399.4083957405
1475590.03519502	58599.9648049783
1563261.68740468	97018.3125953171
1547783.57750258	184866.422497422
1426554.83881638	85705.1611836236
1451858.20639514	60301.7936048605
1340180.77941538	166999.220584618
1317222.96936018	227247.030639817
